nr,total_elapsed_time,total_distance,avg_power,normalized_power
0,853.797,4845.05,104,145
1,60.748999999999995,452.3,165,157
2,206.85,1193.76,123,166
3,28.778000000000002,190.0,143,111
4,106.016,373.64,219,204
5,301.676,1533.06,315,317
6,1049.275,7411.4,90,155
7,1220.249,7368.6,268,269
8,1549.408,12632.86,90,140
